id,name,color_grade,description,picture_path,category,price
0,雷数减一,white,永久雷数减一,0,0,10
1,疤痕,white,血量上限减少10%，至少减1，经验获取增加20%,0,0,10
2,沉重的拾荒者背包,white,每回合结束额外获得20金币，额外减少1点hp,0,0,10
3,一只翅膀的吸血蝙蝠,white,吸血生命值回复加1，吸血需要的连击数加5,0,0,10
4,向血族献祭,white,消耗2点生命，获得6点经验,0,0,10
5,炸弹蛋糕,white,加1雷，加1最大生命,0,0,10
6,挖矿工人衬衫,white,游戏开始时，将自动揭示一个宝藏格,0,0,10
7,胶带,white,+1护甲，-2最大生命,0,0,10
8,咖啡,white,消耗品，回复2点生命,0,0,10
9,蘑菇,white,+3雷，+1生命回复,0,0,10
10,魔法学徒帽,white,+2魔法上限,0,0,10
11,优惠券,white,减20%商店价格（非线性叠加）,0,0,10
12,有缺陷的增强剂,white,获得能力，一点能量，扣除1点生命，使得接下来2步受到伤害减1,0,0,10
13,食腐草,white,在地图上创建一个食腐草格，如果在该格周围8个格子揭示后揭示该格，回复1点生命,0,0,10
14,金币,white,将一个线索替换为金币，揭示获得5金币,0,0,10
